{"cameraMode":{"drawMode":0,"name":"Shaded","section":"Shading Mode"},"sceneLighting":false,"audioPlay":false,"sceneViewState":{"showFog":true,"showMaterialUpdate":false,"showSkybox":false,"showFlares":true,"showImageEffects":true,"showParticleSystems":true},"in2DMode":false,"pivot":{"x":0.06362414360046387,"y":0.11043232679367066,"z":0.02600589394569397},"rotation":{"x":-0.1965695023536682,"y":0.31060829758644106,"z":-0.06581750512123108,"w":-0.9276589155197144},"size":0.31066375970840456,"orthographic":false}