{"cameraMode":{"drawMode":0,"name":"Shaded","section":"Shading Mode"},"sceneLighting":false,"audioPlay":false,"sceneViewState":{"showFog":true,"showMaterialUpdate":false,"showSkybox":false,"showFlares":true,"showImageEffects":true,"showParticleSystems":true},"in2DMode":false,"pivot":{"x":-482.23193359375,"y":430.55413818359377,"z":0.13122722506523133},"rotation":{"x":0.21752817928791047,"y":0.6602981686592102,"z":-0.2088281512260437,"w":0.6878069639205933},"size":4.752671718597412,"orthographic":false}