{"cameraMode":{"drawMode":0,"name":"Shaded","section":"Shading Mode"},"sceneLighting":false,"audioPlay":false,"sceneViewState":{"showFog":true,"showMaterialUpdate":false,"showSkybox":false,"showFlares":true,"showImageEffects":true,"showParticleSystems":true},"in2DMode":false,"pivot":{"x":-0.08004830032587052,"y":0.18598127365112306,"z":0.006481155753135681},"rotation":{"x":0.2554418742656708,"y":0.727308988571167,"z":0.34836575388908389,"w":-0.5333037376403809},"size":0.3366590142250061,"orthographic":false}