{"cameraMode":{"drawMode":0,"name":"Shaded","section":"Shading Mode"},"sceneLighting":false,"audioPlay":false,"sceneViewState":{"showFog":true,"showMaterialUpdate":false,"showSkybox":false,"showFlares":true,"showImageEffects":true,"showParticleSystems":true},"in2DMode":false,"pivot":{"x":143.7839813232422,"y":129.577392578125,"z":477.2010192871094},"rotation":{"x":-0.09106045961380005,"y":0.5357142090797424,"z":-0.05825114622712135,"w":-0.8374519348144531},"size":33.538326263427737,"orthographic":false}