{"cameraMode":{"drawMode":0,"name":"Shaded","section":"Shading Mode"},"sceneLighting":false,"audioPlay":false,"sceneViewState":{"showFog":true,"showMaterialUpdate":false,"showSkybox":false,"showFlares":true,"showImageEffects":true,"showParticleSystems":true},"in2DMode":false,"pivot":{"x":1.6846224069595338,"y":-0.8002579212188721,"z":3.1891422271728517},"rotation":{"x":0.38838762044906618,"y":0.17552854120731355,"z":-0.07562557607889176,"w":0.9014586210250855},"size":5.849600791931152,"orthographic":false}