{"cameraMode":{"drawMode":0,"name":"Shaded","section":"Shading Mode"},"sceneLighting":false,"audioPlay":false,"sceneViewState":{"showFog":true,"showMaterialUpdate":false,"showSkybox":false,"showFlares":true,"showImageEffects":true,"showParticleSystems":true},"in2DMode":false,"pivot":{"x":0.05879232659935951,"y":0.2919330298900604,"z":0.4895378351211548},"rotation":{"x":-0.014997695572674275,"y":0.01441520918160677,"z":0.00021717623167205602,"w":0.9997904896736145},"size":1.6666635274887086,"orthographic":false}