{"cameraMode":{"drawMode":0,"name":"Shaded","section":"Shading Mode"},"sceneLighting":false,"audioPlay":false,"sceneViewState":{"showFog":true,"showMaterialUpdate":false,"showSkybox":false,"showFlares":true,"showImageEffects":true,"showParticleSystems":true},"in2DMode":false,"pivot":{"x":-0.06522250175476074,"y":0.5008135437965393,"z":-0.04185494780540466},"rotation":{"x":0.28539982438087466,"y":-0.6524907946586609,"z":0.29162728786468508,"w":0.6385584473609924},"size":2.6898016929626467,"orthographic":false}