{"cameraMode":{"drawMode":0,"name":"Shaded","section":"Shading Mode"},"sceneLighting":false,"audioPlay":false,"sceneViewState":{"showFog":true,"showMaterialUpdate":false,"showSkybox":false,"showFlares":true,"showImageEffects":true,"showParticleSystems":true},"in2DMode":false,"pivot":{"x":203.16485595703126,"y":134.26760864257813,"z":458.7403564453125},"rotation":{"x":-0.09106045961380005,"y":0.5357142090797424,"z":-0.05825114622712135,"w":-0.8374519348144531},"size":39.97890853881836,"orthographic":false}