{"cameraMode":{"drawMode":0,"name":"Shaded","section":"Shading Mode"},"sceneLighting":false,"audioPlay":false,"sceneViewState":{"showFog":true,"showMaterialUpdate":false,"showSkybox":false,"showFlares":true,"showImageEffects":true,"showParticleSystems":true},"in2DMode":false,"pivot":{"x":-3.0000877380371095,"y":1.9706729650497437,"z":-1.474548578262329},"rotation":{"x":0.02782021276652813,"y":0.725960373878479,"z":0.029417498037219049,"w":-0.6865442395210266},"size":10.93314266204834,"orthographic":false}