{"cameraMode":{"drawMode":0,"name":"Shaded","section":"Shading Mode"},"sceneLighting":false,"audioPlay":false,"sceneViewState":{"showFog":true,"showMaterialUpdate":false,"showSkybox":false,"showFlares":true,"showImageEffects":true,"showParticleSystems":true},"in2DMode":false,"pivot":{"x":-2.375771999359131,"y":-1.0045546293258668,"z":3.0055887699127199},"rotation":{"x":0.35586079955101015,"y":-0.5637158155441284,"z":0.29262521862983706,"w":0.6855376362800598},"size":2.3467397689819338,"orthographic":false}