{"cameraMode":{"drawMode":0,"name":"Shaded","section":"Shading Mode"},"sceneLighting":false,"audioPlay":false,"sceneViewState":{"showFog":true,"showMaterialUpdate":false,"showSkybox":false,"showFlares":true,"showImageEffects":true,"showParticleSystems":true},"in2DMode":false,"pivot":{"x":-52.182373046875,"y":148.16729736328126,"z":102.47047424316406},"rotation":{"x":-0.03970203921198845,"y":0.6764708757400513,"z":-0.03656434640288353,"w":-0.7344976663589478},"size":639.54541015625,"orthographic":false}