{"cameraMode":{"drawMode":0,"name":"Shaded","section":"Shading Mode"},"sceneLighting":false,"audioPlay":false,"sceneViewState":{"showFog":true,"showMaterialUpdate":false,"showSkybox":false,"showFlares":true,"showImageEffects":true,"showParticleSystems":true},"in2DMode":false,"pivot":{"x":0.07941986620426178,"y":0.06566762179136276,"z":0.06255364418029785},"rotation":{"x":-0.25466591119766238,"y":0.45668652653694155,"z":0.13827700912952424,"w":0.8411170840263367},"size":0.285788357257843,"orthographic":false}