{"cameraMode":{"drawMode":0,"name":"Shaded","section":"Shading Mode"},"sceneLighting":false,"audioPlay":false,"sceneViewState":{"showFog":true,"showMaterialUpdate":false,"showSkybox":false,"showFlares":true,"showImageEffects":true,"showParticleSystems":true},"in2DMode":false,"pivot":{"x":-9.952136993408204,"y":9.827005386352539,"z":-1.5065983533859254},"rotation":{"x":-0.16325286030769349,"y":0.7031269073486328,"z":-0.1711801141500473,"w":-0.670565664768219},"size":2.660961151123047,"orthographic":false}