{"cameraMode":{"drawMode":0,"name":"Shaded","section":"Shading Mode"},"sceneLighting":false,"audioPlay":false,"sceneViewState":{"showFog":true,"showMaterialUpdate":false,"showSkybox":false,"showFlares":true,"showImageEffects":true,"showParticleSystems":true},"in2DMode":false,"pivot":{"x":-0.0008364357054233551,"y":0.03750605881214142,"z":0.00041778385639190674},"rotation":{"x":0.04015032947063446,"y":0.6154109239578247,"z":-0.03141303360462189,"w":0.7865661978721619},"size":0.21307435631752015,"orthographic":false}