{"cameraMode":{"drawMode":0,"name":"Shaded","section":"Shading Mode"},"sceneLighting":false,"audioPlay":false,"sceneViewState":{"showFog":true,"showMaterialUpdate":false,"showSkybox":false,"showFlares":true,"showImageEffects":true,"showParticleSystems":true},"in2DMode":false,"pivot":{"x":-0.003213644027709961,"y":0.1576782912015915,"z":-0.009486682713031769},"rotation":{"x":-0.19656963646411897,"y":0.31060850620269778,"z":-0.06581754982471466,"w":-0.9276595711708069},"size":0.9194788336753845,"orthographic":false}