{"cameraMode":{"drawMode":0,"name":"Shaded","section":"Shading Mode"},"sceneLighting":false,"audioPlay":false,"sceneViewState":{"showFog":true,"showMaterialUpdate":false,"showSkybox":false,"showFlares":true,"showImageEffects":true,"showParticleSystems":true},"in2DMode":false,"pivot":{"x":-0.07283896207809448,"y":0.5382620096206665,"z":0.08370256423950196},"rotation":{"x":-0.19656963646411897,"y":0.31060850620269778,"z":-0.06581754982471466,"w":-0.9276595711708069},"size":4.417954444885254,"orthographic":false}