{"cameraMode":{"drawMode":0,"name":"Shaded","section":"Shading Mode"},"sceneLighting":false,"audioPlay":false,"sceneViewState":{"showFog":true,"showMaterialUpdate":false,"showSkybox":false,"showFlares":true,"showImageEffects":true,"showParticleSystems":true},"in2DMode":false,"pivot":{"x":-0.0011999839916825295,"y":0.07032327353954315,"z":-0.006945594679564238},"rotation":{"x":-0.09106045961380005,"y":0.5357142090797424,"z":-0.05825114622712135,"w":-0.8374519348144531},"size":0.5703860521316528,"orthographic":false}