{"cameraMode":{"drawMode":0,"name":"Shaded","section":"Shading Mode"},"sceneLighting":false,"audioPlay":false,"sceneViewState":{"showFog":true,"showMaterialUpdate":false,"showSkybox":false,"showFlares":true,"showImageEffects":true,"showParticleSystems":true},"in2DMode":false,"pivot":{"x":0.0,"y":0.10257361084222794,"z":-0.0030799247324466707},"rotation":{"x":0.11026687920093537,"y":0.4351804852485657,"z":-0.05379975214600563,"w":0.8919530510902405},"size":0.4031309485435486,"orthographic":false}