{"cameraMode":{"drawMode":0,"name":"Shaded","section":"Shading Mode"},"sceneLighting":false,"audioPlay":false,"sceneViewState":{"showFog":true,"showMaterialUpdate":false,"showSkybox":false,"showFlares":true,"showImageEffects":true,"showParticleSystems":true},"in2DMode":false,"pivot":{"x":-1.004855990409851,"y":-0.8365245461463928,"z":0.8197557926177979},"rotation":{"x":-0.28654736280441286,"y":0.11518430709838867,"z":-0.03472571820020676,"w":-0.9504848122596741},"size":2.738189935684204,"orthographic":false}