{"cameraMode":{"drawMode":0,"name":"Shaded","section":"Shading Mode"},"sceneLighting":false,"audioPlay":false,"sceneViewState":{"showFog":true,"showMaterialUpdate":false,"showSkybox":false,"showFlares":true,"showImageEffects":true,"showParticleSystems":true},"in2DMode":false,"pivot":{"x":1.3281985521316529,"y":0.4189607501029968,"z":0.541172206401825},"rotation":{"x":0.28539982438087466,"y":-0.6524907946586609,"z":0.29162728786468508,"w":0.6385584473609924},"size":3.0107970237731935,"orthographic":false}